{
    "lgb_params": {
        "objective": "mae",
        "n_estimators": 6000,
        "num_leaves": 391,
        "subsample": 0.9403544859455091,
        "subsample_freq": 2,
        "colsample_bytree": 0.6985301726343536,
        "learning_rate": 0.01,
        "max_depth": 15,
        "n_jobs": 4,
        "device": "cpu",
        "verbosity": -1,
        "importance_type": "gain",
        "reg_alpha": 0.10301252233940274,
        "reg_lambda": 0.28839320261790263
    }
}